AGARTHALA,KARNAL,VAPI
AGRA,KARNATAKA,VARANASI
AHMEDABAD,KOLHAPUR,VASHI
AHMEDNAGAR,KOLKOTTA,VELLORE
AJMER,MIDANAPORE,KANYAKUMARI
AKOLA,MIRZAPUR,VIJAYAWADA
ALLAHABAD (PRAYAGRAJ),KOTA,VIZAG
ALL INDIA,KOLLAM,WARANGAL
AMRAVATI,KRISHNAGIRI,MALAPPURAM
AMRITSAR,KRISHNANAGAR,YAMUNA NAGAR
ANANTAPUR,KUKATPALLY,MULUND
ASANSOL,KUMBAKONAM,VISAKHAPATNAM
ANDRA PRADESH,KURNOOL,HOSUR
AURANGABAD (CH SAMBHAJI NAGAR),KURUKSHETRA,PATHANAMTHITTA
AZAMGARH,LAKHIMPUR (ASSAM),VADAKARA
BAREILLY,LAKHIMPUR KHERI (UP),THALASSERY
BATHINDA,LATUR,SURAT
BELGAUM,LUCKNOW,TAMIL NADU
BARODA,LUDHIANA,SIWAN
BHAGALPUR,MYSORE,SIKAR
BARRACKPORE,MADHYA PRADESH,SILCHAR
BANGALORE,MADURAI,SILIGURI
BERHAMPORE (WB),MAHABUBNAGAR,SIRSA
BHOPAL,MAHARASHTRA,THODUPUZHA
BHUBANESWAR,MATHURA,SOLAPUR
BURDWAN,MALDA,SRINAGAR
BIDAR,MANDI,UDAIPUR
BIHAR,MORADABAD,UTTAR PRADESH
BIHAR &JHARKHAND,MANGALORE,SALEM
BIJAPUR,MANJERI,SAMASTIPUR
BOKARO,MUMBAI CENTRAL TRACK,TRICHY
BIRBHUM,MUMBAI,TRIVANDRUM
BILASPUR,MUMBAI SOUTH,TANJORE
CALICUT (KOZHIKODE),MUMBAI WESTERN TRACK,TELANGANA
CHANDIGARH,MUZAFFARNAGAR,SANGRUR
COIMBATORE,MUZAFFARPUR,UDUPI
CUTTACK,MEERUT,SECUNDERABAD
CHENNAI,MOTIHARI,SOUTH ZONE
DADAR,NAGERCOIL,SHILLONG
DAVANGERE,NAGPUR,SHIMLA
DEHRADUN,NASHIK,SHIMOGA
DELHI (NCR),NAVI MUMBAI,HOSUR
DELHI CENTRAL,NANDED,JAMNAGAR
DELHI EAST,NORTH ZONE,JAMSHEDPUR
DELHI NORTH,NELLORE,JHANSI
DELHI SOUTH,NIZAMABAD,JHARKHAND
DELHI WEST,NOIDA,JORHAT
DELHI,NORTH 24 PARGANAS,JODHPUR
AYODHYA (FAIZABAD),ODISHA,KAKINADA
DHANBAD,PANIPAT,KHAMMAM
ERODE,PANJIM,KALYANI
EAST ZONE,PANVEL,KANCHIPURAM
COCHIN/KOCHI/ERNAKULAM,PAN INDIA,KERALA
DIBRUGARH,PATHANKOT,KANNUR
FARIDABAD,PATIALA,KANPUR
DINDIGUL,PATNA,KATIHAR
DOMBIVALLI,PCMC,KARIMNAGAR
GAYA,PERINTHALMANNA,TIRUPATI
GHAZIABAD,PONDICHERRY,THANE
GUWAHATI,PUDUCHERRY ,THANJAVUR
GWALIOR,RISHIKESH,THIRUVALLA
GOA,ROHTAK,KATTAPPANA
GURGAON,ROORKEE,KALPETTA
GORAKHPUR,PUNE,WAYANAD
GUJARAT,PURI,SAGAR
GULBARGA,PURULIA,SAHARANPUR
GUNTUR,RANCHI,HYDERABAD
HIMACHAL PRADESH,RAIPUR,IMPHAL
HALDWANI,RAJASTHAN,INDORE
HAMIRPUR,RAIPUR,JABALPUR
HARIDWAR,RAJAMUNDRY,JAIPUR
HASSAN,RAJKOT,JALANDHAR
HISSAR,RATNAGIRI,JALGAON
HOOGHLY,THRISSUR,JALNA
HOWRAH,TIRUCHIRAPPALLI,JAMMU
HUBLI,TIRUNELVELI,
